name,records,year,description,sector,method,sensitivity
AIS,"8,000,000,000",2020,May 2025. Data relating to internet use was available online. No personal info was exposed. ,telecoms,poor security,1
Nintendo,"300,000",2020,Apr 2020. Unauthorised access to thousands of Nintendo Switch accounts. Hackers were able to use saved payment details to make purchases.,gaming,hacked,3
Pakistani mobile operators,"115,000,000",2020,Apr 2020. Personal details stolen from Jazz and other mobile networks were put up for sale for $2.1m in bitcoin.,telecoms,hacked,2
US Marshals Service,"387,000",2020,May 2020. Prisoners had sensitive personal data stolen in December 2019. They were notified five months later.,government,hacked,2
db8151dd,"22,000,000",2020,"May 2020. Aggregated data from multiple websites was discovered in an open database. It included addresses, job titles, phone numbers and social media profiles. The breach was dubbed 'db8151dd'.",web,hacked,2
EasyJet,"9,000,000",2020,"May 2020. The airline became aware of a hack in January, but didn't notify customers until April. Email addresses, travel details and credit card details were stolen. ",transport,hacked,3
Microsoft,"250,000,000",2020,Jan 2020. Customer support records spanning 14 years were left online without password protection. ,web,poor security,1
Dutch Government,"6,900,000",2020,"Mar 2020. Two hard drives with data from 6.9m registered organ donors went missing. They contained contact details, ID numbers & signatures.",government,lost device,4
Virgin Media,"900,000",2020,"Mar 2020. A poorly-configured database left names, email addresses and phone numbers exposed for 10 months. ",retail,poor security,1
Boots Advantage Card,"150,000",2020,"Mar 2020. Hackers accessed Advantage Card records, but no financial data was stolen. Payment using points was suspended.",retail,hacked,1
Tesco Clubcard,"600,000",2020,"Mar 2020. Details of accrued loyalty points were accessed, but financial details weren't exposed.",retail,hacked,1
Marriott Hotels,"5,200,000",2020,Mar 2020. Guest records were accessed using the logins of two employees between mid-Jan and end of Feb. ,retail,inside job,2
Zoom,"500,000",2020,"Apr 2020. Email addresses, passwords and personal meeting URLs were sold on the dark web. It led to a host of zoom-bombing pranks. ",app,hacked,1
Israeli government,"6,500,000",2020,"Feb 2020. Names, addresses, and ID card numbers of every Israeli voter were found on an insecure website belonging to Elector, a political communications app.",government,poor security,2
MGM Hotels,"10,600,000",2020,Feb 2020. Data stolen during an 2019 hack of an MGM server was published on a hacking forum.,retail,hacked,2
Buchbinder Car Rentals,"5,000,000",2020,"Jan 2020. Correspondence, invoices and contracts containing personal details were left exposed on an unsecured company server. ",transport,poor security,2
Wawa,"30,000,000",2019,"Dec 2019. Card-stealing malware was installed, and remained undiscovered for nine months. ",retail,hacked,3
Desjardins Group,"4,200,000",2019,"June 2019. An employee of the Canadian financial firm leaked customer information outside the organisation: names, addresses, birthdates, social insurance numbers & transaction habits.",financial,inside job,2
US Customs and Border Protection,"100,000",2019,June 2019. Photos of faces and license plates taken at an US border crossing were stolen in a cyberattack on a surveillance contractor.,government,hacked,2
Quest Diagnostics,"20,000,000",2019,"June 2019. For an 8 month period, a hacker group stole personal and payment information from a firm providing billing services for the US healthcare sector.",healthcare,poor security,4
Australian National University,"200,000",2019,"June 2019. A hacker accessed personal information including addresses, bank account details, payroll information and academic records. Staff, students and visitors were affected.",academic,hacked,4
Canva,"139,000,000",2019,"May 2019. Names, email addresses and location data belonging to users of an Australian graphic design service were stolen by a hacker.",web,hacked,2
First American Financial Corporation,"885,000,000",2019,"May 2019. Anyone with a web browser could access these First American insurance documents dating back to 2003. Bank details, mortgage & tax records, social security numbers, drivers license images.",financial,poor security,4
Chtrbox,"49,000,000",2019,"May 2019. Contact details for millions of Instagram influencers, celebrities and brand accounts was left exposed in an online database for at least six days.",media,poor security,1
WiFi Finder,"2,000,000",2019,"Apr 2019. An Android app for finding local WiFi passwords inadvertently provided access to the entire database, including domestic WiFi points.",app,poor security,1
Toyota,"3,100,000",2019,Apr 2019. A security breach of Toyota subsidiaries' IT systems may have leaked personal customer information.,transport,hacked,2
Unknown,"1,800,000",2019,"Mar 2019. A Dutch researcher found women's personal information in an open Chinese database. It included phone numbers, addressed and their ""BreedReady"" status, whatever that might be.",web,poor security,4
Vårdguiden,"2,700,000",2019,"Feb 2019. 170,000 hours of sensitive calls to Sweden's healthcare hotline were stored on an open web server with no encryption or authentication. The breach was blamed on a subcontractor, Medicall.",healthcare,poor security,5
Dubsmash,"162,000,000",2019,"Feb 2019. Part of the theft of 617 million online account details from 16 hacked websites, put up for sale on the dark web.",app,hacked,1
ShareThis,"41,000,000",2019,"Feb 2019. Part of the theft of 617 million online account details from 16 hacked websites, put up for sale on the dark web.",web,hacked,1
HauteLook,"28,000,000",2019,"Feb 2019. Part of the theft of 617 million online account details from 16 hacked websites, put up for sale on the dark web.",retail,hacked,1
Animoto,"25,000,000",2019,"Feb 2019. Part of the theft of 617 million online account details from 16 hacked websites, put up for sale on the dark web.",app,hacked,1
EyeEm,"22,000,000",2019,"Feb 2019. Part of the theft of 617 million online account details from 16 hacked websites, put up for sale on the dark web.",web,hacked,1
8fit,"20,000,000",2019,"Feb 2019. Part of the theft of 617 million online account details from 16 hacked websites, put up for sale on the dark web.",app,hacked,1
Whitepages,"18,000,000",2019,"Feb 2019. Part of the theft of 617 million online account details from 16 hacked websites, put up for sale on the dark web.",web,hacked,1
Fotolog,"16,000,000",2019,"Feb 2019. Part of the theft of 617 million online account details from 16 hacked websites, put up for sale on the dark web.",web,hacked,1
Armor Games,"11,000,000",2019,"Feb 2019. Part of the theft of 617 million online account details from 16 hacked websites, put up for sale on the dark web.",gaming,hacked,1
BookMate,"8,000,000",2019,"Feb 2019. Part of the theft of 617 million online account details from 16 hacked websites, put up for sale on the dark web.",web,hacked,1
CoffeeMeetsBagel,"6,000,000",2019,"Feb 2019. Part of the theft of 617 million online account details from 16 hacked websites, put up for sale on the dark web.",web,hacked,1
Artsy,"1,000,000",2019,"Feb 2019. Part of the theft of 617 million online account details from 16 hacked websites, put up for sale on the dark web.",web,hacked,1
DataCamp,"700,000",2019,"Feb 2019. Part of the theft of 617 million online account details from 16 hacked websites, put up for sale on the dark web.",web,hacked,1
Ixigo,"18,000,000",2019,Feb 2019. Part of the theft of 127 million online account details from 8 hacked websites. They were put up for sale on the dark web 1 week after a similar tranche of 617 million records from 16 other websites.,transport,poor security,1
YouNow,"40,000,000",2019,Feb 2019. Part of the theft of 127 million online account details from 8 hacked websites. They were put up for sale on the dark web 1 week after a similar tranche of 617 million records from 16 other websites.,web,hacked,1
Houzz,"57,000,000",2019,Feb 2019. Part of the theft of 127 million online account details from 8 hacked websites. They were put up for sale on the dark web 1 week after a similar tranche of 617 million records from 16 other websites.,retail,hacked,2
Ge.tt,"1,800,000",2019,Feb 2019. Part of the theft of 127 million online account details from 8 hacked websites. They were put up for sale on the dark web 1 week after a similar tranche of 617 million records from 16 other websites.,web,hacked,1
Coinmama,"450,000",2019,Feb 2019. Part of the theft of 127 million online account details from 8 hacked websites. They were put up for sale on the dark web 1 week after a similar tranche of 617 million records from 16 other websites.,financial,hacked,1
Roll20,"4,000,000",2019,Feb 2019. Part of the theft of 127 million online account details from 8 hacked websites. They were put up for sale on the dark web 1 week after a similar tranche of 617 million records from 16 other websites.,gaming,hacked,1
Stronghold Kingdoms,"5,000,000",2019,Feb 2019. Part of the theft of 127 million online account details from 8 hacked websites. They were put up for sale on the dark web 1 week after a similar tranche of 617 million records from 16 other websites.,gaming,hacked,1
Petflow,"1,000,000",2019,Feb 2019. Part of the theft of 127 million online account details from 8 hacked websites. They were put up for sale on the dark web 1 week after a similar tranche of 617 million records from 16 other websites.,retail,poor security,1
500px,"14,800,000",2019,"Feb 2019. A July 2018 hack exposed the personal information of all 500px users, including names, usernames, email addresses, encrypted passwords, location, birth date, and gender.",web,hacked,2
Blur,"2,400,000",2019,"Jan 2019. A server belonging to the password manager service contained a freely accessible file with users' email addresses, names and encrypted passwords.",tech,oops!,1
Blank Media Games,"7,600,000",2019,"Jan 2019. A hacker stole usernames, email addresses and encrypted passwords belonging to players of the game ""Town of Salem"" from an insecure server.",gaming,hacked,1
Indian citizens,"275,265,298",2019,"May 2019. The discovery of a huge, unprotected MongoDB database containing personal information of Indian citizens, including their education, resume and current salary.
",web,poor security,2
Bulgarian National Revenue Agency,"5,000,000",2019,"Jul 2019. A hacker stole personal details of Bulgarian citizens from 110 government databases. 5m records, out of a total population of 7m.",government,hacked,2
Capital One,"100,000,000",2019,"Jul 2019. The massive data breach included personal information from credit card applications over a 14-year period. A former Amazon employee, Paige Thompson, awaits trial for fraud.",financial,hacked,3
Suprema,"27,800,000",2019,"Aug 2019. A biometric security company stored unencrypted usernames and passwords, fingerprints and facial recognition information on a publicly accessible database.",tech,poor security,5
Facebook,"419,000,000",2019,"Sep 2019. Several unprotected databases were found to contain the phone numbers of around 20% of all Facebook users, with (in some cases) names and locations.",web,poor security,2
DoorDash,"4,900,000",2019,"Sep 2019. Users who joined the platform before April 2018 had their names, email addresses, order history, phone numbers and encrypted passwords stolen in a hack.",transport,,2
BriansClub,"26,000,000",2019,"Oct 2019. A site selling stolen payment card data was hacked and 26 million records were leaked. Banks were able to invalidate those cards, taking around 1/3 of the world's stolen cards out of circulation.",web,hacked,3
Microsoft,"44,000,000",2019,Microsoft's threat research team discovered 44 million users of Azure and Microsoft Services Accounts were using leaked credentials to log in. ,tech,hacked,2
People Data Labs,"3,000,000,000",2019,"Nov 2019. Stashes of personal information originally compiled by a data aggregation firm were found on an insecure server. It included names, email addresses, phone numbers, LinkedIn and Facebook information.",tech,poor security,2
OxyData,"380,000,000",2019,"Nov 2019. Information compiled by a data aggregation firm were found on an insecure server. It included complete scrapes of LinkedIn data, including recruiter information.",tech,poor security,2
Click2Gov,"300,000",2018,Dec 2018. Vulnerabilities in government payment software allowed hackers to access financial records and personal data across 46 US cities.,financial,hacked,3
SingHealth,"1,500,000",2018,"July 2018. Hackers stole personal details of 1.5 million patients, as well as the prescription details of 160,000 people, including prime minister Lee Hesien Loong.",healthcare,hacked,4
GovPayNow.com,"14,000,000",2018,"Sep 2018. A company used by US government agencies to accept online payments exposed personal records via a standard web browser, including addresses, phone numbers and credit card digits.",financial,poor security,2
Cathay Pacific Airways,"94,000,000",2018,"Oct 2018. Stolen data included names, nationalities, birth dates, phone numbers, addresses, passport & identity card numbers & expired credit card numbers.",transport,hacked,3
Chinese resume leak,"202,000,000",2018,"Dec 2018. Information thought to have been scraped from Chinese jobseeking websites was found in an insecure database. It included resumes, phone numbers, height, weight, driving license & literacy level.",web,poor security,2
WordPress,"76,500,000",2018,"Aug 2018. According to security researchers, WordPress was notified of a security vulnerability over a year ago, but did not address it. No reports have been received which suggest the exploit is being actively used in the wild.",web,poor security,1
Google+,"52,500,000",2018,"Dec 2018. A new vulnerability could have exposed users' personal details to developers, even if their profiles were set to private. Google will now shut down the consumer version of the social network 4 months earlier than planned. ",web,poor security,2
Quora,"100,000,000",2018,"Dec 2018. Compromised: logins for around 100m visitors who use the site to ask and answer questions about politics, faith, calculus, unrequited love, the meaning of life and more",web,hacked,1
Marriott Hotels,"383,000,000",2018,"Nov 2018. Sensitive data on customer to all Starwood hotels (including Sheraton, Regis, W Hotels) leaked since 2014. Credit card details and some passport info. The size of the hack was downsized from 500 million to 383 million following an investigation.",retail,hacked,3
NMBS,"1,460,000",2018,"Dec 2018. Data stored on a non-secure server, making it possible to access names, gender, DOB, email and postal address data of customers externally by means of a simple search engine query. Most of the data belong to customers in Belgium, France and the UK, including thousands of Commission and Parliament employees.  Caused, the NMBS said, by a data worker “clicking on the wrong button”.",transport,oops!,2
Facebook,"50,000,000",2018,"Mar 2018. Cambridge Analytica, headed at the time by Steve Bannon, harvested 50m profiles in early 2014 to build a system that could profile US voters and target them with political adverts. ",web,hacked,1
Panerabread,"37,000,000",2018,"Apr 2018. Customer records were available via the bakery chain's site for at least 8 months. Panerabread were alerted to the leak in Aug 2017, but didn't pull the site until Apr 2018. Panerabread claims 10k records were leaked, but security researchers put the figure at over 37 million. ",retail,poor security,2
Dixons Carphone,"10,000,000",2018,Jun 2018. Dixons Carphone revealed personal info for 10 million customers was stolen sometime in 2017.  ,telecoms,hacked,1
MyHeritage,"92,283,889",2018,Jun 2018. Email addresses and encrypted passwords were stolen. As yet there is no evidence that the hackers have used the data. ,web,hacked,1
Saks and Lord & Taylor,"5,000,000",2018,"Apr 2018. A known ring of cybercriminals implanted software into store cash registers, siphoning off payment card details. The company has not divulged the full extent of the breach. Researchers estimate 5m records.",retail,hacked,3
Careem,"14,000,000",2018,"Apr 2018. Careem's official blog stated there was no evidence of payment info having been stolen, but it did admit that names, email address, phone numbers, and trip data were hacked. ",app,hacked,2
Texas voter records,"14,800,000",2018,"Aug 2018. A single file containing 14.8 million records was left on an unsecured server without a password. Data exposed included name, address, gender, and voting history. ",web,poor security,2
British Airways,"380,000",2018,Sep 2018. Personal and financial details of customers making bookings between Aug 21st and Sep 5th were compromised. ,transport,hacked,4
T-Mobile,"2,000,000",2018,"Aug 2018. T-Mobile initially said that personal data was stolen, but no passwords or financial info. They later admitted that encrypted passwords had been stolen. ",telecoms,hacked,1
MyFitnessPal,"150,000,000",2018,"Mar 2018. Usernames, email addresses, and hashed user passwords were stolen. ",app,hacked,1
Health South East,"3,000,000",2018,Feb 2018. Health data was stolen from more than half of Norway's population. ,healthcare,hacked,4
Nametests,"120,000,000",2018,"Jun 2018. A security failure in a popular quiz app on Facebook left millions of people’s data exposed for almost two years. The data exposed included pictures, status updates, friends lists etc.",app,poor security,1
Ticketmaster,"40,000",2018,"Jun 2018. Malicious software on third-party customer support product Inbenta Technologies caused the hack, and was likely to have affected UK customers who bought tickets between Feb and June 2018. ",web,hacked,3
Firebase,"100,000,000",2018,"Jun 2018. Thousands of iOS and Android mobile applications are exposing over 113 GBs of data via 2,271+ misconfigured Firebase databases.",app,poor security,5
Aadhaar,"1,100,000,000",2018,Mar 2018. A security researcher discovered a system vulnerability which means that anybody could download private info on all Aadhaar users. The govt. department that deals with the database has denied the breach. ,government,poor security,4
Grindr,"3,000,000",2018,"Mar 2018. A third-party tool that allows users to see who blocked them on Grindr was able to access non-public personal info, including exact locations of users who had opted out of location sharing. ",app,poor security,3
Orbitz,"880,000",2018,"Mar 2018. An old version of the travel website was hacked, exposing personal details and payment card info. Orbitz is now owned by Expedia. ",web,hacked,3
MBM Company,"1,300,000",2018,"Mar 2018. Negligent storage of a customer database exposed full postal addresses, email addresses, IP addresses and plain-text passwords. ",retail,poor security,4
LocalBlox,"48,000,000",2018,"May 2018. A cloud storage repository was left publically accessible. Data included names, addresses, DOBs, social media info etc. ",web,poor security,2
Twitter,"330,000,000",2018,"May 2018. A glitch caused some passwords to be stored in readable text, visible on the internal computer system. ",app,poor security,1
ViewFines,"934,000",2018,"May 2018. Data published included names, ID numbers, cell numbers, email addresses and plain text passwords.",transport,oops!,4
TicketFly,"27,000,000",2018,"Aug 2018. Names, addresses, email addresses and phone numbers were stolen. ",web,hacked,2
Amazon,"5,000,000",2018,Nov 2018. Customer names & email addresses were disclosed on its website. Amazon hasn't confirmed how many records were exposed. ,retail,oops!,1
Amazon,"100,000",2018,"Nov 2018. Customer names and email addresses accidentally disclosed on its website, just two days ahead of Black Friday. No of users affected not released.",tech,poor security,1
Urban Massage,"309,000",2018,"Nov 2018. Database contained over 351,000 booking records, and more than 2,000 records on Urban massage therapists, including their names, email addresses and phone numbers.",app,poor security,2
Dell ,"100,000",2018,"Nov 2018. Dell detected & disrupted unauthorized activity on its network attempting to extract Dell customer information, which was included names, email addresses & hashed passwords",tech,hacked,1
High Tail Hall,"411,000",2018,"Nov 2018. Hackers were able to obtain email addresses, names, order histories, hashed passwords, & both physical and IP addresses for 411,000 High Tail Hall players.",web,hacked,2
SKY Brasil,"32,000,000",2018,Nov 2018. Poorly configured Elastisearch servers exposed customer details including payment methods. ,telecoms,poor security,1
Vision Direct,"100,000",2018,"Nov 2018. User numbers not revealed. The attackers made away with personal information, passwords and CVV security codes. ",retail,hacked,4
Healthcare.gov,"75,000",2018,"Oct 2018. ""Sensitive"" information on applicants for health insurance was hacked.",healthcare,hacked,4
CMS,"93,689",2018,"Nov 2018. CMS states that no protected health info, banking or tax details were breached, but personal info, insurance, income etc might have been exposed. ",healthcare,hacked,2
Facebook,"29,000,000",2018,Oct 2018. Malicious third-party scrapers collected profile information from many Facebook users. ,web,hacked,2
Newegg,"45,000,000",2018,"Sep 2018. Hackers injected 15 lines of card skimming code on the online retailer's payments page which remained for more than a month between Aug 14 and Sep 18. With over 45m monthly visitors, it's unclear how many customers were breached.",retail,hacked,3
Mount Olympus,"188,000",2018,A former employee of Mount Olympus Mortgage stole client information and loan files and took them with him when he went to work at Guaranteed Rate. Mount Olympus was awarded $25m in damages. ,financial,inside job,5
Apollo,"9,000,000,000",2018,Data readily available online. Included info that looked to have been from LinkedIn profiles.,tech,poor security,1
Disqus,"17,500,000",2017,"Dec 2017. Hackers stole 17.5m email addresses in 2012. About a third of those accounts contained passwords, which were hashed using the dated SHA-1 algorithm",web,hacked,4
RootsWeb,"300,000",2017,"Dec 2017. Ancestry.com's community-driven site RootsWeb was exposed after passwords, email addresses and usernames were leaked from the server. ",web,poor security,4
Yahoo,"32,000,000",2017,Mar 2017. User accounts have been hacked using forged cookies to log in without a password over a 2 year period.,web,hacked,4
Uber,"57,000,000",2017,"Nov 2017. Uber paid the hackers $100,000 to delete the stolen data. Chief security officer Joe Sullivan has resigned.",app,hacked,1
Wonga,"270,000",2017,Apr 2017. Customers from the UK and Poland look to have been affected. ,financial,hacked,4
Snapchat,"1,700,000",2017,Apr 2017. Indian hackers apparently leaked data they stole last year in response to Snapchat CEO allegedly stating they had no plans to expand to 'poor countries' like India. Snapchat have yet to confirm any leak.,app,hacked,1
Spambot,"711,000,000",2017,"Aug 2017. A misconfigured spambot has leaked over 700m records, although many of them are likely to be fake or repeated accounts.",web,poor security,4
CEX,"2,000,000",2017,"Aug 2017. A misconfigured spambot leaked full contact info & financial details, although the newest financial data dates to 2009. ",retail,oops!,3
Al.type,"31,000,000",2017,Dec 2017. The app's developer failed to secure the database server. ,app,poor security,4
Cellebrite,"3,000,000",2017,"Jan 2017. Cellebrite's main product is a device that rips data from mobile phones. 900GB of data was stolen from Cellebrite. The hackers got hacked. The number of records taken is unknown. 
",tech,hacked,2
Waterly,"1,000,000",2017,Jan 2017. Israel-based app contained a vulnerability in the sign-in process that could potentially expose user account details. The problem was fixed within 2 weeks of being identifiied. ,app,poor security,3
Swedish Transport Agency,"3,000,000",2017,"Jul 2017. Information about all vehicles in the country (including military and police), made available to IT workers who hadn't been through usual security checks. The question of whether or not Sweden's national security was harmed is censored in the Säpo (Sweden's security police) report.",government,poor security,5
Hong Kong Registration & Electoral Office,"3,700,000",2017,"Mar 2017. ""the personal information of the city’s 3.7 million voters was possibly compromised after the Registration and Electoral Office reported two laptop computers went missing at its backup venue for the chief executive election.""",government,lost device ,2
River City Media,"1,370,000,000",2017,"Mar 2017. A dodgy backup has allegedly resulted in over a billion leaked email addresses, plus other personal info in some cases, and has exposed RCM's business plans & operations. ",web,oops!,2
DaFont,"700,000",2017,"May 2017. Apparently the hacker found out others were selling the site's database, so he decided to get in on the action himself.",web,hacked,4
Bell,"1,900,000",2017,May 2017. Somebody claiming to be behind the attack has threatened Bell with more leaks if they don't cooporate. ,telecoms,hacked,1
Zomato,"17,000,000",2017,May 2017. The hacker is selling the stolen dataset for around $1000. ,web,hacked,4
Imgur,"1,700,000",2017,"Nov 2017. Imgur are still investigating how the breach took place. The data was stolen in 2014, but Imgur claim they only discovered it in Nov 2017. ",app,hacked,4
TIO Networks,"1,600,000",2017,Dec 2017. The company has not revealed what type of information was stolen. ,financial,hacked,4
Malaysian telcos & MVNOs,"46,200,000",2017,"Oct 2017. Data from numerous Malaysian telco & MVNO providers, including Celcom, Digi, Umobile, Maxis, Friendi, Merchantrade Asia, Tunetalk, Redtone, XOX, Altel, PLDT & EnablingAsia has been leaked.",telecoms,hacked,4
Malaysian medical practitioners,"81,309",2017,"Oct 2017. Databases belonging to the Malaysian Medical Council (MMC), the Malaysian Medical Association (MMA), and the Malaysian Dental Association (MDA) have been leaked. The data is from 2014.",healthcare,hacked,4
Instagram,"6,000,000",2017,"Sep 2017. A bug exposed user's contact information. Instagram initially said it affected only verified accounts, but has now admitted non-verified users were also affected. Instagram hasn't confirmed numbers, but hackers say they have info from 6m accounts.",web,hacked,1
Viacom,"3,000,000",2017,Sep 2017. A misconfigured Amazon Web Server S3 cloud storage bucket was left wide open and public facing.,web,hacked,4
Equifax,"143,000,000",2017,"Sep 2017. If you have a credit report, there’s a good chance that you’re one of the 143 million American consumers whose sensitive personal information was exposed in a data breach at Equifax, one of the nation’s three major credit reporting agencies.",financial,hacked,4
SVR Tracking,"540,000",2017,"Sep 2017. The leaked passwords were stored using SHA-1, a weak 20yr old hash program.",app,poor security,4
LinkedIn,"117,000,000",2016,May 2016. What initially seemed to be a theft of 6.5 million passwords has actually turned out to be a breach of 117 million passwords.,web,hacked,1
Tumblr,"65,000,000",2016,"May 2016. Tumblr claimed it just found out about a 2013 data breach, which independent researchers claim affected 65m users. ",web,hacked,1
Yahoo,"500,000,000",2016,"Sep 2016. Happened in 2014, but no. records stolen was originally thought to be much smaller. Yahoo revealed the real numbers in 2016.",web,hacked,2
Mossack Fonseca,"11,500,000",2016,"Apr 2016. 2.6TB of data on politicians, criminals, professional athletes etc leaked from law firm Mossack Fonseca, including emails, contracts, scanned documents, transcripts...",legal,hacked,5
Philippines’ Commission on Elections,"55,000,000",2016,"Apr 2016. After a message was posted on the COMELEC website by hackers from Anonymous, warning the government not to mess with the elections, the entire database was stolen and posted online. ",government,hacked,5
Syrian government,"274,477",2016,"Apr 2016. Hacking outfit calling itself 'Cyber Justice Team' leaked 10GB of data from the government and private websites. Seems to be just data from old leaks, though.",government,hacked,1
Minecraft,"7,000,000",2016,Apr 2016. Players using the Lifeboat servers have had their email addresses and passwords leaked.,gaming,hacked,1
Turkish citizenship database,"49,611,709",2016,Apr 2016. Turkish citizenship database has allegedly been hacked and leaked online.,government,hacked,2
Banner Health,"3,700,000",2016,Aug 2016. Hackers gained access to payment card data via food outlets at Banner Health locations.,healthcare,hacked,3
Mail. ru,"25,000,000",2016,Aug 2016. Two hackers attacked three game-related forums hosted by Russian company Mail.ru. ,web,hacked,2
PayAsUGym,"300,000",2016,Dec 2016. Fitness website hacked & email address published online.,web,hacked,1
Lynda.com,"9,500,000",2016,"Dec 2016. Hackers breached a database that held records of contact info and courses viewed. No official statement yet on how many records were actually stolen, and no evidence yet of them having been published anywhere.",web,hacked,1
Linux Ubuntu forums,"2,000,000",2016,"Jul 2016. 2 million usernames, email addresses, and IP addresses associated with the Ubuntu Forums were taken by an unnamed attacker. The attacker was able to exploit an SQL injection vulnerability in an add-on used by older vBulletin forum software.",web,hacked,1
Wendy's,"1,025",2016,Jul 2016. Malware has been used in 1025 of Wendy's restaurants to steal credit card data from customers. It's currently unknown how many individuals have been impacted.,retail,hacked,3
Clinton campaign,"5,000,000",2016,Jul 2016. The computer network used by Democratic presidential candidate Hillary Clinton's campaign was hacked as part of a broad cyber attack on Democratic political organizations,government,hacked,2
uTorrent ,"35,000",2016,"Jun 2016. It's unclear what data has been breached, exactly, but uTorrent has advised passwords are probably compromised. ",web,hacked,1
World Check,"2,200,000",2016,"Jun 2016. 2014 version of World-Check, a database of suspected terrorists and criminals, leaked online. It's unclear what data the records include.",media,poor security,3
Mutuelle Generale de la Police,"112,000",2016,Jun 2016. Files uploaded to Google Drive by a 'malicious' employee. Data included home addresses. The leak came two weeks after a French police officer was murdered by ISIS-inspired attack.,healthcare,inside job,5
VK,"100,544,934",2016,"Jun 2016. Over 100m user accounts were hacked and the data put up for sale online. A VK spokesperson has denied that the site was breached, claiming the data for sale is old details no longer in use.",web,hacked,4
KM.ru & Nival,"1,500,000",2016,"Mar 2016. A teen hacker has randomly hacked several Russian websites. In a statement, he claims the hack was revenge for the MH17 crash. The companies affected have not commented, however Troy Hunt, a security researcher, has confirmed its legit. Nival and KM.ru were both hacked. ",web,hacked,4
Fling,"40,000,000",2016,"May 2016. A hacker claims to be selling info on sexual desires & preferences, as well as generic personal info, stolen from the dating site Fling. The data is allegedly from 2011.  ",web,hacked,4
MySpace,"164,000,000",2016,"May 2016. The same hacker who was selling LinkedIn user data now claims to have MySpace user data too, and lots of it. ",web,hacked,1
Three,"200,000",2016,"Nov 2016. Hackers broke into Three's customer database with the intention of fraudulently ordering handsets to sell on. They stole personal details, but no financial records or passwords were stored on the hacked system. ",telecoms,hacked,2
Red Cross Blood Service,"550,000",2016,Oct 2016. Info leaked includes data about 'at risk sexual behaviours',healthcare,oops!,4
Telegram ,"15,000,000",2016,"Aug 2016. Despite Telegram's claims of super security, they've been hacked by a group called Rocket Kitten. ",app,hacked,1
Dailymotion,"85,200,000",2016,"Dec 2016. 85.2m email addresses extracted, but only 18.3m had associated passwords.",web,hacked,1
Weebly,"43,000,000",2016,"Oct 2016. Usernames, passwords and IP addresses stolen, although passwords secured with bcrypt. ",web,hacked,4
Interpark,"10,000,000",2016,July 2016. South Korean police are blaming North Korea for stealing data in an attempt to obtain foreign currency. ,web,hacked,2
Quest Diagnostics,"34,000",2016,"Dec 2016. The stolen data contained names, DOBs, lab results and some telephone numbers.",healthcare,hacked,4
Friend Finder Network,"412,000,000",2016,"Nov 2016. Usernames, email addresses, passwords for sites including Adult Friend Finder and Penthouse.com. Passwords encrypted, but LeakedSource claims to be able to crack 99% of them.",web,hacked,1
Brazzers,"790,724",2016,"Sep 2016. 'The data contains 790,724 unique email addresses, and also includes usernames and plaintext passwords. (The set has 928,072 entries in all, but many are duplicates.'",web,hacked,4
ClixSense,"6,600,000",2016,"Sep 2016. The information stolen contains usernames, passwords, home addresses, payment histories, and other banking details.",web,hacked,5
Carefirst,"1,100,000",2015,"May 2015. Evidence suggests the attackers could have potentially acquired member-created user names created by individuals to access CareFirst’s website, as well as members’ names, birth dates, email addresses and subscriber identification number.",healthcare,hacked,1
Twitch.tv,"10,000,000",2015,Mar 2015. Details unknown at this point. All Twitch's 10 million users have been requested to change their passwords.,healthcare,hacked,1
Premera,"11,000,000",2015,"Mar 2015. Hack occured May 2014. ""could include names, date of birth, email address, address, telephone number, Social Security number, member identification numbers, bank account information, and claims information, including clinical information""",healthcare,hacked,5
Uber,"50,000",2015,"Feb 2015. Occured Sep 2014. Names & license plates of 50,000 driver partners.","tech, app",poor security,1
Deep Root Analytics,"198,000,000",2015,Dec 2015. A database of 198 million US voters has been exposed as a result of incorrect configuration. ,web,poor security,2
Kromtech,"13,000,000",2015,"Dec 2015. A security researcher stumbled on a leak, which exposed usernames, email addresses and passwords of users. He notified Kromtech, who patched it quickly. ",web,hacked,1
Invest Bank,"40,000",2015,"Dec 2015. Hacker breached a United Arab Emirates bank, demanding a ransom of $3m in bitcoin to stop tweeting data, mostly about corporate accounts. The hacker dumped files on the website of a basketball team, which he hacked for storage. The bank, Invest Bank, won't pay the ransom.  ",financial,hacked,4
Sanrio,"3,300,000",2015,"Dec 2015. Security researcher was able to access a database of 3.3m of Sanrio's Sanriotown.com accounts, with links to other Sanrio Hello Kitty portals.",web,poor security,2
VTech,"6,400,000",2015,"Dec 2015. Software used to download games to children's computer tablets was hacked, with personal info and photos stolen. ",web,hacked,5
Hacking Team,"500,000",2015,"Jul 2015. Italian cybersecurity firm sells digital surveillance software to law enforcement and national security organisations. 400 GB of documents - including software source code, private messages & client databases - has been stolen and put online  via BitTorrent. The documents show the company has sold products to repressive regimes.",web,hacked,5
AshleyMadison.com,"37,000,000",2015,"Jul 2015. Online hookup site for extra-marital affairs has been severely breached and the personal details of 37m users, as well as company financial records, threatened with release. Notorious hacking outfit The Impact Team has claimed responsibility. The hackers demanded the shutdown of AM.com and other associated sites.",web,hacked,1
US Office of Personnel Management (2nd Breach),"21,500,000",2015,"Jul 2015. Attackers have targeted the forms submitted by intelligence and military personnel for security clearances. The document includes personal information - everything from eye colour, to financial history, to past substance abuse, as well as contact details for the individual's friends and relatives",government,hacked,5
US Office of Personnel Management,"4,000,000",2015,"Jun 2015. ""The intruders... gained access to...employees’ Social Security numbers, job assignments, performance ratings and training information""",government,hacked,2
Australian Immigration Department,"500,000",2015,"Mar 2015. An employee of the agency inadvertently sent the passport numbers, visa details and other personal identifiers of all world leaders attending the G20 Brisbane summit to the organisers of the Asian Cup football tournament. Barack Obama, Vladimir Putin, Angela Merkel, Xi Jinping, Narendra Modi, David Cameron and many others.",government,oops!,4
IRS,"100,000",2015,"May 2015. ""An unnamed cybermafia used an IRS app to download forms full of personal information. They posed as legitimate taxpayers, and tried to download forms on 200,000 people between February and May. They got away with half of them, the IRS said. The crooks used about 15,000 of them to claim tax refunds in other people's names.""",government,hacked,1
MSpy,"400,000",2015,"May 2015. Data dump to the dark web ""includes Apple IDs and passwords, tracking data, and payment details on some 145,000 successful transactions"", photos and very private conversations.",app,hacked,2
Adult Friend Finder,"3,900,000",2015,"May 2015. Sexual preferences, names, email addresses, usernames, dates of birth, postal codes.",web,hacked,1
Securus Technologies,"70,000,000",2015,"Nov 2015. Anonymous hacker leaked records of over 70m phone calls, plus links to recordings. Recording/storing attorney-client calls potentially violates constitutional protections.",web,hacked,5
TalkTalk,"157,000",2015,"Nov 2015. 157k customers had personal details stolen, including 15,600 account numbers. ",telecoms,hacked,2
Experian / T-mobile,"15,000,000",2015,"Oct 2015. The world's biggest data monitoring firm disclosed a massive breach of customers who applied for service with T-Mobile. Names, addresses, birth dates, Social Security numbers, drivers license numbers and passport numbers.",telecoms,hacked,3
Slack,"500,000",2015,"Mar 2015. Sometime in February, hackers were able to peruse Slack’s central database for up to four days.",app,hacked,1
CarPhone Warehouse,"2,400,000",2015,"Aug 2015. Around 480,000 of the 2.4 million customers affected by the breach are TalkTalk Mobile customers and 1.9m were customers of Carphone Warehouse directly.",telecoms,hacked,5
British Airways,"500,000",2015,Mar 2015. Hackers have accessed tens of thousands of British Airways frequent-flyer accounts. The airline said no personal information had been viewed or stolen and it had frozen affected accounts while it resolves the issue.,transport,hacked,1
Anthem ,"80,000,000",2015,"Feb 2015. Names, dates of birth, member ID/ social security numbers, addresses, phone numbers, email addresses and employment information.",healthcare,hacked,2
UCLA Health,"4,500,000",2015,"May 2015. Officials said the cyberattack was confirmed to have impacted those systems with patient information, including names, dates of birth, Social Security numbers, Medicaid or health plan identification numbers, and some medical data. In 2019, UCLA Health reached a $2million class-action lawsuit settlement with the 4.5 million current and former patients.",healthcare,hacked,4
Neiman Marcus,"1,100,000",2014,Jan 2014. Malware had been “clandestinely” put into the Neiman Marcus system & had stolen payment data off cards used from July 16 to Oct. 30,retail,hacked,2
AOL,"2,400,000",2014,Apr 2014. Users' accounts were compromised to send out spam messages.,web,hacked,1
Community Health Systems,"4,500,000",2014,"Aug 2014. Community Health Systems, which operates 206 hospitals across the US, had patient data from the last 5 years breached. Details included names, addresses, social security numbers. Suspected ""chinese hackers"" were thought responsible. Goal: identity theft.",healthcare,hacked,2
Privatization Agency of the Republic of Serbia,"5,190,396",2014,Dec 2014. A text file with personal data and financial documents were made publically available on their website. ,government,oops!,2
Sony Pictures,"10,000,000",2014,"Dec 2014. Wide-ranging hack of potentially every piece of data held by the company, including: unreleased films & scripts, employee social security numbers, salaries and health check results, as well as sensitive internal business documents relating to lay-offs, restructures and executive salaries. Lead suspects are ""North Korean hackers"" perhaps related to the Seth Rogen film, ""The Interview"" which mocks the North Korean dictator, Kim Jong Un.",media,hacked,2
Indiana University,"146,000",2014,Feb 2014. Students who attended the university between 2011 and 2014 may have had their data exposed after it was stored on an unprotected site. The data was accessed by three webcrawlers but there is not evidence it was accessed by any unauthorized individuals.,academic,poor security,2
Ebay,"145,000,000",2014,May 2014. The company has said hackers attacked between late February and early March with login credentials obtained from “a small number” of employees. They then accessed a database containing all user records and copied “a large part” of those credentials.,web,hacked,1
UPS,"4,000,000",2014,Aug 2014. Malware was discovered in the credit & debit card processing systems at 51 branches in 24 states.,retail,hacked,3
European Central Bank,"4,000,000",2014,"Jul 2014. The ECB received an anonymous call requesting money in return for the stolen data. The bank didn't say how much the blackmailer asked for, but did say that it refused to pay anything.",financial,hacked,1
JP Morgan Chase,"76,000,000",2014,"Oct 2014. The US's largest bank was compromised by hackers, stealing names, addresses, phone numbers and emails of account holders. The hack began in June but was not discovered until July, when the hackers had already obtained the highest level of administrative privilege to dozens of the bank’s computer servers.",financial,hacked,3
New York Taxis,"52,000",2014,"Jun 2014. A freedom of information request resulted in the release of data on all 173 million journeys undertaken by New York taxis in one year. Unfortunately, the data was incorrectly anonymised and relatively easy to decode, revealing the driver IDs, pickup & dropoff times, and GPS routes taken for every single cab journey.",transport,poor security,1
HSBC Turkey,"2,700,000",2014,"Nov 2014. ""In a message to customers on its website, the bank said an attack on its credit card and debit card systems in Turkey had been thwarted but card numbers, account numbers, card expiry dates and customer names had been “compromised”.""",financial,hacked,4
Japan Airlines,"750,000",2014,"Sep 2014. Japan Airlines confirmed the possible theft of information from up to around 750,000 frequent-flier programme members. Data that may have been stolen included names, genders, birth dates, addresses, email addresses and places of work.",transport,hacked,2
Staples,"1,160,000",2014,"Dec 2014. Staples believes that point-of-sale systems at 115 Staples locations were infected with malware that thieves may have used to steal customers’ names, payment card numbers, expiration dates and card verification codes",retail,hacked,3
"""Gmail""","5,000,000",2014,"Sep 2014. 5 million Gmail account passwords leaked to a forum, alongside passwords from other email providers. Close inspection revealed the user details to be old (3+ years). Multiple individual targeted hacks of third party websites where people used their Gmail IDs, rather than one big dataleak, suspected to be the method. Gmail itself was not hacked. ",web,hacked,1
Home Depot,"56,000,000",2014,"Sep 2014. Malware installed on cash register system across 2,200 stores syphoned credit card details of up to 56 million customers. May be the same group of Russian and Ukrainian hackers responsible for the data breaches at Target, Sally Beauty and P.F. Chang’s, among others",retail,hacked,3
Korea Credit Bureau,"20,000,000",2014,Jan 2014. An employee from personal credit ratings firm Korea Credit Bureau (KCB) has been arrested and accused of stealing the data from customers of three credit card firms while working for them as a temporary consultant.,financial,inside job,5
Dominios Pizzas (France),"600,000",2014,"Jun 2014. Hackers have demanded a ransom of €30,000 (£24,000) from Domino's Pizza after stealing personal data on more than 600,000 of its French and Belgian customers.",retail,hacked,1
Mozilla,"76,000",2014,"Aug 2014. Members of Mozilla’s developer community have been alerted about an accidental leak of email addresses and encrypted passwords, after the failure of a “data sanitisation” process the organisation was carrying out.",web,poor security,2
Massive American business hack,"160,000,000",2013,"Jul 2013. From 2005 to 2012, a hacking ring targeted banks, payment processors and chain stores, to steal more than 160 million credit and debit card numbers, targeting more than 800,000 bank accounts ",financial,hacked,5
"Affinity Health Plan, Inc.","344,579",2013,Aug 2013. A rented photocopier used to copy health records did not have its hard-drive wiped before its return. ,healthcare,lost device ,4
Citigroup,"150,000",2013,"Jul 2013. Third big data breach from Citigroup.""The personal information of 150,000 consumers who went into bankruptcy between 2007 and 2011 – including their social security numbers – were exposed after Citi failed to properly redact court records before they were put on the Public Access to Court Electronic Records (PACER) system.""",financial,oops!,2
Tianya,"40,000,000",2013,Jul 2013. China's biggest online forum confirmed that private information for 40 million users had been leaked,web,hacked,1
Scribd,"500,000",2013,Apr 2013. Hack resulted in a few hundred thousand stolen passwords (figure is approximate),web,hacked,1
Kissinger Cables,"1,700,000",2013,"Apr 2013. More than 1.7 million US diplomatic records for the period 1973 to 1976, including intelligence reports and congressional correspondence.",government,inside job,3
Living Social,"50,000,000",2013,"Apr 2013. Online criminals gained access to user names, e-mail addresses, dates of birth & encrypted passwords for 50 million people. Databases storing financial information were not compromised in the attack, the company said.",web,hacked,1
Yahoo,"3,000,000,000",2013,"Dec 2016. Happened in 2013 but only disclosed late 2016. Data included names, telephone numbers, DOBs, passwords and security questions. ",web,hacked,2
SnapChat,"4,700,000",2013,"Jan 2014. Hackers abused an exploit to syphon 4.7m user details, including phone numbers. ","web, tech",hacked,2
University of Delaware,"74,000",2013,Aug 2013. Confidential personal information on past and current employees of the University of Delaware was stolen in an attack on a vulnerability in software acquired by a vendor.,academic,hacked,2
Central Hudson Gas & Electric,"110,000",2013,Feb 2013. Customer banking information and other personal information may have been accessed during the hack.,energy,hacked,3
Twitter,"250,000",2013,"Feb 2013. Hackers had access to limited user information -- usernames, email addresses, session tokens and encrypted/salted versions of passwords -- for approximately 250,000 users.",web,hacked,1
"Crescent Health Inc., Walgreens","100,000",2013,"Feb 2013. Names, Social Security numbers, health insurance identification numbers, health insurance information, dates of birth, diagnoses, other medical information, disability codes, addresses, and phone numbers may have been exposed via a laptop theft.",healthcare,lost device ,4
Florida Department of Juvenile Justice,"100,000",2013,"Jan 2013. Memorial Healthcare System, Hollywood, Fla., is notifying nearly 9,500 patients of an investigation into two former employees who inappropriately accessed patient information. The workers, whose employment was terminated, may have sought to process false tax returns using the information.",government,lost device ,2
Advocate Medical Group,"4,000,000",2013,"Aug 2013. 4,000,000 patient names, addresses, dates of birth, and Social Security numbers were contained in four computers stolen from an administrative building. Second biggest security breach ever reported to the Department of Health and Human Services (HHS).",healthcare,lost device ,2
OVH,0,2013,"Jul 2013. A hacker was able to obtain access to an email account of a system administrator, then to the internal VPN of another employee, with which they were able to compromise the access of one of the system administrators who handles the the internal backoffice.
",web,hacked,2
Apple,"275,000",2013,"Jul 2013. Developer portal hacked. ""Some"" information about 275,000 3rd-party developers potentially stolen.","tech, web",hacked,1
NASDAQ,"500,000",2013,"Jul 2013. Nasdaq forum website hacked by hacking ring, email addresses and passwords compromised",financial,hacked,1
UbiSoft,"58,000,000",2013,"Jul 2013. The video games publisher said that user names, email addresses and encrypted passwords had been ""illegally accessed"", but that subscribers' debit and credit card details remained safe as it did not store them.",gaming,hacked,2
Ubuntu,"2,000,000",2013,July 2013. Discussion forum for the operating system was compromised leaking personal details and password. The passwords were cryptographically scrambled using the MD5 hashing algorithm - considered an inadequate means of protecting stored passwords by security experts.,"tech, web",hacked,3
Nintendo,"240,000",2013,"Jun 2013. Japan's Club Nintendo service was hacked following thousands of unauthorized accesses. Customer information compromised in the attack includes full names, phone numbers, home and email addresses.",gaming,hacked,2
National Security Agency,"1,500,000",2013,"Jun 2013. Snowden downloaded up to 1.5 million files, then flew to Hong Kong to meet journalists Glenn Greenwald and Laura Poitras before fleeing to Moscow. ",government,inside job,5
Facebook,"6,000,000",2013,"Jun 2013. Using the network's ""Download Your Information"" tool, some Facebook members were inadvertently sent the phone numbers or email address of Facebook friends that were otherwise private. Facebook assured users that the bug was fixed within a day, and that there is no evidence that the information was used maliciously.",web,oops!,1
Evernote,"50,000,000",2013,"Mar 2013. Evernote asked its 50 million users to reset their passwords following an attempt to hack the note-taking network. The company said it’d found no evidence that any payment information for Evernote Premium or Evernote Business customers had been accessed, nor was there any indication that content stored by users had been accessed, changed or lost.",web,hacked,1
Kirkwood Community College,"125,000",2013,"Apr 2013. Hackers accessed application information from February 2006 to March 13, 2013, including applicant names, birthdates, race, contact information and Social Security numbers.",academic,hacked,2
Yahoo Japan,"22,000,000",2013,May 2013. 22 million Yahoo user IDs may have been leaked after Yahoo detected an unauthorized attempt to access the administrative system of its web portal Yahoo Japan. The leaked information did not include passwords and data necessary for identity verification to reset passwords.,"tech, web",hacked,1
Drupal,"1,000,000",2013,"May 2013. Malicious files placed on association.drupal.org servers via a 3rd-party application. Exposed usernames, e-mail addresses, country information, and cryptographically hashed passwords.",web,hacked,1
TerraCom & YourTel,"170,000",2013,"May 2013. The telecom firms TerraCom and YourTel have branded reporters for Scripps News as ""hackers"" after journalists discovered that the personal data of over 170,000 customers - including social security numbers and other identifying data that could be used for identity theft - were sitting on a publicly accessible server.",telecoms,oops!,2
Washington State court system,"160,000",2013,"May 2013. Up to 160,000 Social Security numbers and a million driver's license numbers may have been accessed by hackers exploiting old versions of Adobe Cold Fusion software on the server. ",government,hacked,2
MacRumours.com,"860,000",2013,"Nov 2013. The MacRumors intrusion involved ""a moderator account being logged into by the hacker who then was able to escalate their privileges with the goals of stealing user login credentials",web,hacked,1
Court Ventures,"200,000,000",2013,"Oct 2013. A lawsuit against the Vietnamese identity theft service contends that the theft of up to 3 million records began in 2010 and was orchestrated by a then-teenager in Vietnam, Hieu Minh Ngo. Ngo, posing as private investigator based in Singapore, gained access to a database of consumer information. He has since been sentenced to 13 years in prison. ",financial,inside job,2
Vodafone,"2,000,000",2013,Sep 2013. An IT contractor for the firm used his deep access to the telecom giant's system to copy customer names and bank account details.,telecoms,inside job,3
Adobe,"36,000,000",2013,"Oct 2013. Hackers obtained access to a large swathe of Adobe customer IDs and encrypted passwords & removed sensitive information (i.e. names, encrypted credit or debit card numbers, expiration dates, etc.). Approximately 36m customers: 3.1m stolen credit cards, 33m stolen encrypted passwords. Correction Jan 2015: we previously reported 152m records taken, but the remainder affected invalid, inactive, test accounts or had out-of-date passwords associated with them.",tech,hacked,5
"D&B, Altegrity","1,000,000",2013,"Sep 2013. Hackers stole millions of social security numbers from large US data brokers Dun & Bradstreet Corp and Kroll Background America Inc, owned by Altegrity. Correction 7 Jan 2015: we previously stated that records were stolen from LexisNexis. LexisNexis conducted a thorough investigation of the malware intrusion and found no evidence that the malware accessed or stole any customer or consumer data. ",tech,hacked,3
ssndob.ms,"4,000,000",2013,"Sep 2013. SSNDOB was an underground identity theft service. Teenage hackers used it to collect data for exposed.su, a site that listed the SSNs, birthdays, phone numbers, current and previous addresses for dozens of top celebrities including Beyonce, Kanye West and Michelle Obama. In doing so they revealed SSNDOB had data on more than 4 million people.",web,hacked,2
Target,"70,000,000",2013,Dec 2013. Investigators believe the data was obtained via software installed on machines that customers use to swipe magnetic strips on their cards when paying for merchandise at Target stores. Originally 40m customers. Now 70m!,retail,hacked,3
China Software Developer Network,"6,000,000",2012,"Mar 2012. Police have arrested a man, surnamed Zeng, suspected of leaking personal information belonging to more than 6 million users of the China Software Developer Network (CSDN). Zeng has been detained on charges of illegal acquisition of computer data.",web,hacked,1
Global Payments,"7,000,000",2012,Apr 2012. 1.5 million credit card numbers from its systems may have been exposed after detecting “unauthorized access” into its processing system. ,financial,hacked,3
South Carolina Government,"6,400,000",2012,"Apr 2012. A man was charged with five counts of violating medical confidentiality laws and one count of disclosure of confidential information after he gained access to personal information for more than 228,000 Medicaid beneficiaries.",healthcare,inside job,4
Three Iranian banks,"3,000,000",2012,"Apr 2012. After finding a security vulnerability in Iran's banking system, software manager Khosrow Zarefarid wrote a formal report and sent it to the CEOs of all the affected banks across the country. When the banks ignored his findings, he hacked 3 million bank accounts, belonging to at least 22 different banks, to prove his point.",financial,hacked,5
California Department of Child Support Services,"800,000",2012,Apr 2012. California child support records were lost in transit during a disaster preparedness exercise.,government,lost device ,2
Emory Healthcare,"315,000",2012,"Apr 2012. The company 'misplaced' 10 discs containing sensitive information, including social security numbers. ",healthcare,lost device ,4
Office of the Texas Attorney General,"6,500,000",2012,Apr 2012. The office of Texas Attorney General Greg Abbott mistakenly gave attorneys access to millions of Social Security numbers in a case against the state’s voter ID law,government,oops!,2
Medicaid,"780,000",2012,"Apr 2012. The Utah Department of Technology Services had recently moved their claims records to a new server, and hackers believed to be operating out of Eastern Europe were able to circumvent the server’s multi-layered security system containing Social Security numbers for the Medicaid claims.","government, healthcare",hacked,5
Blizzard,"14,000,000",2012,"Aug 2012. Scrambled passwords, e-mail addresses, and personal security answers were knowingly stolen from Blizzard's internal network. Blizzard would not elaborate on the size of the hack (""millions""). ",gaming,hacked,2
New York State Electric & Gas,"1,800,000",2012,Jan 2012. An employee from a software consulting firm was allowed unauthorized access to the company’s databases.,energy,inside job,2
Memorial Healthcare System,"102,153",2012,"Apr 2012. An employee of an affiliated physician’s office may have improperly accessed patient information through a web portal used by physicians who provide care and treatment at MHS. Specifically, patients’ names, dates of birth, and Social Security numbers.",healthcare,lost device ,2
Zappos,"24,000,000",2012,Jan 2012. The Amazon-owned e-commerce firm has revealed that it was the target of a cyber attack that gained access to its internal network.,web,hacked,2
Formspring,"420,000",2012,"Jul 2012. Formspring was tipped off to a breach after 420,000 hashed passwords were posted to a security forum. ",web,hacked,1
KT Corp.,"8,700,000",2012,"Jul 2012. Two suspects reportedly earnt an estimated $877,000 by selling the contact information and plan details of 8.7 million KT subscribers, almost half of the carrier's total customers.",telecoms,hacked,2
Yahoo Voices,"450,000",2012,"Jul 2012. Yahoo Voices service was hacked, exposing more than 450,000 usernames and passwords.","tech, web",hacked,1
Last.fm,"43,500,000",2012,"Sep 2016. Usernames, email addresses, join date, and other internal records, such as newsletter sign-ups and ad-related data, were stolen in the 2012 breach",web,hacked,1
"LinkedIn, eHarmony, Last.fm","8,000,000",2012,"Jun 2012. Hacker 'dwdm' uploaded a file containing 6.5 million passwords on a Russian hacker forum. Soon after another 1.5 million passwords were discovered.  On analysis, 93% of the passwords could be found in the Top 10,000 password list.",web,hacked,1
Gamigo,"8,000,000",2012,"Jul 2012. 4 months after the gaming site Gamigo warned users about a hacker intrusion that accessed some portions of its users' credentials, more than 8 million usernames, emails & encrypted passwords from the site have been published on the web",web,hacked,1
Militarysingles.com,"163,792",2012,"Mar 2012. Collective group LulzSec released a database of 163,792 names, usernames, e-mail addresses, IP addresses, and passwords of ""single"" military personnel.","web, military",hacked,1
"""Apple""","12,367,232",2012,"Mar 2012. Hacking group AntiSec claimed they hacked an FBI laptop in March 2012 accessing a file of more than 12 million Apple Unique Device Identifiers (UDIDs). Subsequently, it was discovered that app developer BlueToad was the source of the breach. The list contained personal information such as full names, phone numbers and addresses. AntiSec published a million of these UDIDs online.","tech, retail",oops!,2
Greek government,"9,000,000",2012,"Nov 2012. A computer programmer was arrested in Greece for allegedly stealing the identity information of what could amount to 83% of the country's population. The 35-year-old was found in possession of 9 million data files containing identification card data, addresses, tax ID numbers and licence plate numbers, which he was also suspected of trying to sell.",government,hacked,2
South Carolina State Dept. of Revenue,"3,600,000",2012,Oct 2012. A server was breached by an international hacker.,government,hacked,1
Dropbox,"68,700,000",2012,"Aug 2016. User credentials were stolen in a 2012 hack, but the number affected has only just come to light. ",web,hacked,1
New York City Health & Hospitals Corp.,"1,700,000",2011,"Feb 2011. Computer backup tapes from the New York provider were stolen on Dec. 23, 2010, from a truck that was transporting them to a secure storage location. ",healthcare,lost device ,4
"Seacoast Radiology, PA","231,400",2011,"Jan 2011. Computer gamers hacked a server at Seacoast Radiology in Rochester in search of more bandwidth in November to play Call of Duty: Black Ops. In the process they also gained access to personal records of the more than 230,000 patients of the health center.",healthcare,hacked,2
"South Shore Hospital, Massachusetts","800,000",2011,"Sep 2011. South Shore Hospital hired a contractor to destroy files no longer in use and lost the shipment. The back-up computer files possibly contained names, addresses, phone numbers, dates of birth, Social Security numbers, driver’s license numbers, medical record numbers, patient numbers, health plan information, protected health information including diagnoses and treatments. As well as bank account and credit card numbers for some. Patients, employees, physicians, volunteers, donors, vendors and other business partners were effected. ",healthcare,lost device ,5
Betfair,"2,300,000",2011,"May 2011. Betfair waited 18 months to report the breach of their online gambling site, alarming banking institutions and security experts. Betfair's systems breach, which occurred in March and April 2010, was not uncovered until this past May, when a server crashed.",web,hacked,3
"Ankle & foot Center of Tampa Bay, Inc.","156,000",2011,"Jan 2011. The information hacked included information such as patient names, social security numbers, date of birth, home addressees, account numbers, and healthcare services and related diagnostic codes.",healthcare,hacked,4
Yale University,"43,000",2011,"Aug 2011. The names and Social Security numbers of 43,000 people affiliated with the university were publicly viewable on Google for 10 months.",academic,oops!,2
Morgan Stanley Smith Barney,"34,000",2011,Jul 2011. Morgan Stanley mailed a CD containing sensitive data about investors in tax-exempt funds and bonds to the New York State Department of Taxation and Finance. The package arrived at the building but when it arrived at the relevant desk the data CD was missing.,financial,lost device ,3
State of Texas,"3,500,000",2011,"Apr 2011. 3.5 million records were accidentally published online including people's names, mailing addresses, social security numbers, and in some cases dates of birth and driver's license numbers.",government,oops!,2
Epsilon,"3,000,000",2011,"Apr 2011. Names & email addresses of customers of Barclaycard US, Capital One, JP Morgan, Citigroup & other firms have been stolen.  ",web,hacked,1
Sony PSN,"77,000,000",2011,"Apr 2011. Rounding off a thoroughly unhappy year for Sony, their third breach saw the loss of 76,000,000 Sony PSN and Qriocity user accounts to hacking collective Lulzsec.",gaming,hacked,1
US Law Enforcement,"123,461",2011,"Aug 2011. ""AntiSec"" hackers published 2,719 social security numbers, 8,214 passwords, 15,798 birth dates, 48,182 street addresses, 1,531,628 email addresses, 106,691 phone numbers, 57 bank account numbers, 53 driver's license numbers, and eight credit card numbers of more than 70 different U.S. law enforcement agencies.",government,hacked,3
University of Wisconsin - Milwaukee,"73,000",2011,"Aug 2011. The campus has been subject to a malware attack, which has exposed names and social security numbers of students -- past and present -- and staff alike.",academic,hacked,2
Stratfor,"935,000",2011,"Dec 2011. Hacking collective Anonymous defaced the website of Stratfor and posted online what they claimed was Stratfor's confidential client list, along with credit card details, passwords and home addresses for those clients. They released 47,680 unique e-mail addresses and 50,277 unique credit card numbers — 9,651 of which were not yet expired. Of the stolen encrypted passwords, 50% were easily crackable. Stratfor has stated that it was not the firm's client list that was released, but rather Stratfor's list of individual subscribers to their online publication. ",military,hacked,3
Chinese gaming sites,"10,000,000",2011,"Dec 2011. Several major Chinese gaming sites were hacked, breaching a total of 38,000,000 user records.",web,hacked,1
Southern California Medical-Legal Consultants,"300,000",2011,"Jun 2011. Electronic files containing names and social security numbers of approximately 300,000 individuals who have applied for California workers’ compensation benefits had been exposed to unauthorized access.",healthcare,hacked,2
Writerspace.com,"62,000",2011,"Jun 2011. Hacker group LulzSec released the e-mails and passwords, 12,000 of which were confirmed to originate from Writerspace.com. ",web,hacked,1
Bethesda Game Studios,"200,000",2011,"Jun 2011. Hacking collective Lulzsec stole account information of 200,000 users.",gaming,hacked,1
Sega,"1,290,755",2011,"Jun 2011. Information stolen during the hack includes names, birth dates, e-mail addresses and passwords from Sega Pass, a system for users interested in newsletters and for registering certain products. ",gaming,hacked,2
Citigroup,"360,083",2011,"Jun 2011. Less than 1% of Citbank card holders' names, account numbers, and contact information such as e-mail addresses were stolen. Card security codes were not stolen. ",financial,hacked,3
Sony Pictures,"1,000,000",2011,"Jun 2011. LulzSec hacking collective stated all of the information it took was unencrypted, “Sony stored over 1,000,000 passwords of its customers in plaintext."" More than 1 million user accounts were compromised. An additional 75,000 music codes and 3.5 million coupons were also uncovered.",web,hacked,1
Accendo Insurance Co. ,"175,350",2011,"Jun 2011. Mismailed letters which allowed some lines of sensitive information (medication name, date of birth, and member ID) to be visible through the envelope window. The mailings were addressed correctly and, to the knowledge of the company, were received by the intended recipients.",healthcare,poor security,2
Washington Post,"1,270,000",2011,Jul 2011. Unknown hackers broke into The Washington Post's jobs website stealing about 1.27 million user IDs and email addresses.,media,hacked,2
Health Net - IBM,"1,900,000",2011,"Mar 2011. Several server drives, containing personal information of former and current employees, went missing.",healthcare,lost device ,3
Eisenhower Medical Center,"514,330",2011,"Apr 2011. Stolen computer contained data listing patients' names, ages, dates of birth, medical record numbers and the last four digits of their social security numbers.",healthcare,lost device ,4
Spartanburg Regional Healthcare System,"400,000",2011,"May 2011. The stolen computer contained a password-protected file with Social Security numbers as well as names, addresses, dates of birth and medical billing codes.",healthcare,lost device ,4
NHS,"8,600,000",2011,Jun 2011. A laptop holding the unencrypted records of eight million patients went missing from an NHS store room and wasn't reported until 3 weeks later. ,healthcare,lost device ,4
San Francisco Public Utilities Commission ,"180,000",2011,Jun 2011. An unsecured server that was storing customer data also had some viruses on it. It's unclear how the server got infected ,government,hacked,1
Sony Online Entertainment,"24,600,000",2011,"May 2011. Hacked by LulzSec. In addition to the Sony Playstation Network breach, compromised 77 million records. More than 23,000 lost financial data, according to Sony.",gaming,hacked,3
Honda Canada,"283,000",2011,"May 2011. Names, addresses and vehicle identification numbers were taken from the company’s eCommerce websites myHonda and myAcura",retail,hacked,2
Massachusetts Government,"210,000",2011,"May 2011. Over 1,500 departmental computers were infected with the W32.QAKBOT virus, a malicious program which “downloads additional files, steals information, and opens a back door on the compromised computer”. ",government,hacked,5
Oregon Department of Motor Vehicles,"1,000,000",2011,"May 2011. Sheriff's detectives arrested Tim Nuss for accessing an old Oregon Department of Motor Vehicles database. The DMV database was once sold to marketing companies, but the department stopped selling the information in the late 1990s. The sold data include the names, addresses, birth dates, gender and ages of people who registered with the DMV, but no financial information.  ",government,hacked,2
Steam,"35,000,000",2011,Nov 2011. Attackers used login details from a Steam forum hack to access a database that held ID and credit card data.,web,hacked,3
Restaurant Depot,"200,000",2011,"Nov 2011. Cybercrooks presumed to be operating from Russia hacked into the Restaurant Depot database last month and accessed the credit and debit card details of more than 100,000 customers.",retail,hacked,3
Nexon Korea Corp,"13,200,000",2011,Nov 2011. Personal data of subscribers to online game Maple Story was leaked.,web,hacked,2
Nemours Foundation,"1,055,489",2011,Oct 2011. A health care organization that runs children’s hospitals reported the loss of 1.05 million records when data backup tapes were lost.,healthcare,lost device ,4
Sutter Medical Foundation,"4,243,434",2011,"Nov 2011. A password protected but unencrypted company computer was stolen. The compromised database contained names, addresses, dates of birth, phone numbers, email addresses, medical record numbers and the name of each patient's health insurance plan. No medical records were stored on the computer.",healthcare,lost device ,2
Tricare,"4,901,432",2011,"Sep 2011. The information for some 4.6 million active and retired military personnel, as well as their families, was on back up-tapes from an electronic health care record used to capture and preserve patient data from 1992 through September 7 2011. ","military, healthcare",lost device ,4
"AvMed, Inc.","1,220,000",2010,"Feb 2010. Two company laptops containing names, addresses, dates of birth, Social Security numbers and health-related information. ",healthcare,lost device ,2
Blue Cross Blue Shield of Tennessee,"1,023,209",2010,"May 2010. A thief stole 57 hard drives from the closet of a BlueCross call center in Chattanooga, Tenn. Data on the stolen hard drives was encoded but not encrypted. Bluecross stated there was no evidence the information was accessed due to the specialized nature of the hardware stolen. ",healthcare,lost device ,2
US Military,"260,000",2010,"Nov 2010. ""Hillary Clinton and several thousand diplomats around the world are going to have a heart attack when they wake up one morning and find an entire repository of classified foreign policy is available, in searchable format, to the public ... Everywhere there's a US post, there's a diplomatic scandal that will be revealed ... It's beautiful, and horrifying"" - So wrote Bradley Manning, the 22-year-old former intelligence analyst, suspected of being behind the leak of more than 250,000 dispatches from US embassies around the world.",military,inside job,5
Gawker.com,"1,500,000",2010,"Dec 2010. Hacked. 1.5 Million usernames, emails, passwords taken.",web,hacked,2
"Triple-S Salud, Inc.","398,000",2010,Nov 2010. One or more employees of Medical Card System (illegally) accessed restricted areas of their website.,healthcare,lost device ,4
Ohio State University,"760,000",2010,Dec 2010. The university cannot disclose how hackers accessed the server for security reasons and because the incident is still under investigation.,academic,hacked,2
"Emergency Healthcare Physicians, Ltd.","180,111",2010,"May 2010. The stolen portable hard drive is believed to have contained records from 2003 to 2006 that included patient names, addressees, phone numbers, birth dates, Social Security numbers, and, in some cases, drivers' license numbers.",healthcare,lost device ,4
Colorado government,"105,470",2010,Jul 2010. State officials discovered that there was an unauthorized removal of a computer hard drive housed at the Office of Information Technology (OIT),healthcare,lost device ,2
AT&T,"114,000",2010,"Jun 2010. Details of iPad 3G users hacked from AT&T website, thought to include those of White House chief of staff Rahm Emanuel.",telecoms,hacked,1
Lincoln Medical & Mental Health Center,"130,495",2010,"Jun 2010. 130,495 patients lost their protected health information after seven CDs were lost in transit.",healthcare,lost device ,4
Educational Credit Management Corp,"3,300,000",2010,"Mar 2010. A contractor for the US Department of Education stole the records of 3.3 million people. Data included names, addresses, Social Security numbers and dates of birth of borrowers, but no financial or bank account information.",financial,lost device ,2
Embassy Cables,"251,000",2010,"Nov 2010. ""Hillary Clinton and several thousand diplomats around the world are going to have a heart attack when they wake up one morning and find an entire repository of classified foreign policy is available, in searchable format, to the public ... Everywhere there's a US post, there's a diplomatic scandal that will be revealed ... It's beautiful, and horrifying"" - So wrote Bradley Manning, the 22-year-old former intelligence analyst, suspected of being behind the leak of more than 250,000 dispatches from US embassies around the world.",government,inside job,5
US Federal Reserve Bank of Cleveland,"400,000",2010,"Nov 2010. A Malaysian man has been charged with hacking into major U.S. corporations, including the U.S. Federal Reserve Bank of Cleveland and FedComp after U.S. Secret Service investigators found more than ""400,000 stolen credit and debit card account numbers allegedly obtained by hacking into various computer systems of other financial institutions""",financial,hacked,3
Classified Iraq War documents,"392,000",2010,"Oct 2010. In the biggest document dump in Wikileaks' short history and possibly the biggest breach of classified data ever, the whistle-blower organization has posted 391,832 classified Iraq War documents on its website.",government,inside job,2
Puerto Rico Department of Health,"515,000",2010,"Sep 2010. Double whammy. Two separate breaches. On September 3rd, 2010 data on 115,000 people was stolen from unauthorized access of an electronic device, on the 21st they reported an additional 400,000 records were hacked. ",healthcare,hacked,4
Heartland,"130,000,000",2009,"Jan 2009. The biggest credit card scam in history, Heartland eventually paid more than $110 million to Visa, MasterCard, American Express and other card associations to settle claims related to the breach. A hacker was sentenced to 20 years in prison for his role in this & other cases.",financial,hacked,3
US National Guard,"131,000",2009,"Dec 2009. About 131,000 former and current Army Guard members potentially affected  when a personal laptop owned by an Army Guard contractor was stolen. Database incuded names, Social Security Numbers, incentive payment amounts and payment dates.",military,lost device ,2
RockYou!,"32,000,000",2009,"Dec 2009. The site did not allow users to use special characters or punctuation in their passwords and e-mailed user passwords in plain text. Hackers took advantage of these security lapses, using simple techniques to gain access to 32 million user accounts.","web, gaming",hacked,1
CheckFree Corporation,"5,000,000",2009,Jan 2009. Customers who went to CheckFree's Web sites between 12:35 a.m. and 10:10 a.m. on the day of the attack were redirected to a Ukrainian Web server that used malicious software to try and install a password-stealing program on the victim's computer.,financial,hacked,1
Network Solutions,"573,000",2009,"Jul 2009. A large-scale infection of WordPress-driven blogs with malicious code led to the compromise of 573,000 debit and credit cards.",web,hacked,3
Virginia Prescription Monitoring Program,"531,400",2009,"May 2009. A hacker, who was never arrested, demanded a $10 million ransom for a breach effecting 530,000 Virginians. Social security numbers may have been taken. The data was found in a database containing 35 million prescription records.",healthcare,hacked,2
Virginia Dept. Of Health,"8,257,378",2009,May 2009. An extortion demand posted on WikiLeaks sought $10 million to return over 8 million patient records and 35 million prescriptions allegedly stolen from Virginia Department of Health Professions.  All 36 servers were shut down  to protect records.,"government, healthcare",hacked,4
University of California Berkeley,"160,000",2009,"May 2009. The attackers accessed a public Web site and then bypassed additional secured databases stored on the same server. In addition to SSNs, the databases contained health insurance information and non-treatment medical information.",academic,hacked,3
Health Net ,"1,500,000",2009,Nov 2009. A portable hard drive with seven years of personal and medical information on about 1.5 million Health Net customers was lost for six months before being reported. ,healthcare,lost device ,4
US Military,"76,000,000",2009,"Oct 2009. Without first destroying the data the agency sent back a defective unencrypted hard drive for repair and recycling which held detailed records on 76 million veterans, including millions of Social Security numbers dating to 1972.",military,lost device ,2
Compass Bank,"1,000,000",2008,"Mar 2008. A former employee stole a hardrive containing 1m account details from the bank between May & July 2007, then used it to defraud cutomers of nearly $32,000.",financial,inside job,3
Hannaford Brothers Supermarket Chain,"4,200,000",2008,Mar 2008. An estimated 4.2 million credit and debit card numbers were stolen.,retail,hacked,3
University of Miami,"2,100,000",2008,"Apr 2008. Thieves stole a briefcase containing data tapes out of a vehicle used by a private off-site storage company. Anyone who had been a patient of a University of Miami physician or visited a UM facility since 1999 is likely included on the tapes. The data included names, addresses, Social Security numbers and health information. 47,000 of these records may have included credit card or other financial information regarding bill payment.",academic,lost device ,3
BNY Mellon Shareowner Services,"12,500,000",2008,"May 2008. A back-up tape, containing over 12 million customers records were lost.",financial,lost device ,1
Countrywide Financial Corp,"2,500,000",2008,Aug 2008. A former employee was sentenced Tuesday to eight months in prison & ordered to repay $1.2 million after pleading guilty to downloading millions of borrower files on thumb drives & selling the information to other loan officers,financial,inside job,2
UK Home Office,"84,000",2008,"Aug 2008. PA Consulting lost an unencrypted memory stick containing details of high risk, prolific and other offenders.",government,lost device ,2
Countrywide Financial Corp,"2,600,000",2008,"Aug 2008. Rene Rebollo, a former senior financial analyst at Countrywide, stole & sold customer data over a 2 year period.",financial,inside job,3
RBS Worldpay,"1,500,000",2008,"Dec 2008. The hack primarily effected U.S. prepaid and the gift card issuing business of RBS Worldpay. Actual fraud has been committed on approximately 100 cards.  Certain personal information of approximately 1.5 million cardholders and other individuals may have been affected and, of this group, Social Security numbers of 1.1 million people may have been accessed.",financial,hacked,5
Auction.co.kr,"18,000,000",2008,Feb 2008. South Korea’s largest online shopping site was attacked by a Chinese hacker who made off with the user information on 18 million members & a large amount of financial data.,web,hacked,3
GS Caltex,"11,100,000",2008,"Sep 2008. Two multimedia discs containing the names, social security numbers, addresses, cell phone numbers, email addresses and workplaces of Korean customers sorted by age were stolen. They were found by an office worker in a backstreet’s trash pile in Seoul. Experts say a GS Caltex employee likely stole the information for personal purposes given there were no signs of hacking.",energy,inside job,2
AT&T,"113,000",2008,"Jun 2008. A laptop was stolen from a car containing unencrypted Social
Security numbers and bonus/salary info of AT&T employees.",telecoms,lost device ,1
Stanford University,"72,000",2008,"Jun 2008. Tens of thousands of past and current Stanford University employees had personal information - including their dates of birth, Social Security numbers and home addresses - stored on the hard drive of a stolen university laptop.",academic,lost device ,2
University of Utah Hospitals & Clinics,"2,200,000",2008,Jun 2008. The data tapes were stolen by petty thieves from an employee's car. According to police reports the thieves tried - and failed - to view the tapes using a VHS player.,academic,lost device ,4
Chile Ministry Of Education,"6,000,000",2008,May 2008. A computer hacker in Chile published confidential records belonging to six million people to illustrate the weakness of their security. ,government,hacked,1
Jefferson County,"1,600,000",2008,"Nov 2008. ""Jefferson County Clerk Jennifer Maghan said she unveiled a new online search tool that enabled residents and business professionals to access nearly 1.6 million documents that are stored in her office via their home computers""",government,oops!,2
Texas Lottery,"89,000",2008,"Nov 2008. Data on more than 89,000 lottery winners (including names, Social Security numbers, addresses and prize amounts )were taken from the agency without permission by a former computer analyst who copied the password-free data. The employee added he wanted the information ""for possible future reference as a programmer at other state agencies.""",government,inside job,2
Starbucks,"97,000",2008,"Nov 2008. A laptop was stolen that contained private information on 97,000 employees, including names, addresses and Social Security numbers. Employees tried to sue Starbucks in California winning their case in the appeals court before losing in the higher federal court as they were unable to prove any cognizable harm or injury.",retail,lost device ,2
UK Ministry of Defence,"1,700,000",2008,"Oct 2008. Hard drive containing very sensitive details of Armed Forces personnel - passport & national insurance numbers, bank details etc - went missing. Loss was revealed during National Identity Fraud Prevention Week. ",government,lost device ,5
"T-Mobile, Deutsche Telecom","17,000,000",2008,"Oct 2008. Thieves got their hands on a storage device with the data, which included the names, addresses, cell phone numbers, and some birth dates and e-mail addresses for high-profile German citizens. The company said the records did not contain bank details, credit card numbers, or call data.",telecoms,lost device ,1
Norwegian Tax Authorities,"3,950,000",2008,"Sep 2008. ""Tax authorities said they had accidentally sent CD-ROMs filled with the 2006 tax returns of nearly four million people living in Norway, a country of 
just 4.6 million inhabitants, to the editorial staff at national 
newspapers, radios and television stations.""",government,oops!,2
Service Personnel and Veterans Agency (UK),"50,500",2008,Sep 2008. Stolen USBs containing personal information about private lives of staff. ,government,lost device ,2
Monster.com,"1,600,000",2007,"Aug 2007. A trojan virus stole log-ins that were used to harvest user names, e-mail addresses, home addresses and phone numbers. Soon after phishing e-mails encouraged users to download a Monster Job Seeker Tool, which was in fact a program that encrypted files in their computer and left a ransom note demanding money for their decryption.

",web,hacked,2
Driving Standards Agency,"3,000,000",2007,"Dec 2007. Hard disk with details of candidates for the driving theory test was lost in a premises in Iowa by subcontractors. Only names, addresses and phone numbers. ",government,lost device ,2
Fidelity National Information Services,"8,500,000",2007,"Jul 2007. Employee sold customer information to a data broker, including names, addresses, birth dates, bank account and credit card information.",financial,inside job,3
City and Hackney Teaching Primary Care Trust,"160,000",2007,Dec 2007. Heavily encrypted disks containing details of children are lost by couriers.,government,lost device ,2
Gap Inc,"800,000",2007,"Sep 2007. Stolen laptop which contained social security numbers, data on people who applied for positions at Gap stores, including Banana Republic and Old Navy, between July 2006 and June 2007.",retail,lost device ,2
Dai Nippon Printing,"8,637,405",2007,"Mar 2007. A former contractor of Dai Nippon Printing Company in Tokyo, Japan stole 8.6 million records containing the personal data of customers of 43 of the company's clients. ",retail,inside job,1
TK / TJ Maxx,"94,000,000",2007,"Mar 2007. Hackers hacked a Minnesota store wifi network and stole data from credit and debit cards of shoppers at off-price retailers TJX, owners of nearly 2,500 stores, including T.J. Maxx and Marshalls. This case is believed to be the largest such breach of consumer information.",retail,hacked,3
JP Morgan Chase,"2,600,000",2007,May 2007. The personal information of approximately 2.6 million current and former holders of a Chase-Circuit City credit card had been mistakenly identified as trash and thrown out in garbage bags outside five branch offices in New York.,financial,lost device ,3
UK Revenue & Customs,"25,000,000",2007,Nov 2007. A set of discs containing confidential details of 25 million child benefit recipients was lost.,government,lost device ,1
TD Ameritrade,"6,300,000",2007,Sep 2007. TD Ameritrade settled a class action lawsuit to compensate as many as 6.3 million TD Ameritrade customers whose data was stolen by hackers costing the Nebraska online brokerage firm less than $2 per victim.,financial,hacked,1
AOL,"20,000,000",2006,"Aug 2006. Derp. AOL voluntarily released search data for roughly 20 million web queries from 658,000 anonymized users of the service. No one is quite sure why.",web,oops!,1
US Dept of Vet Affairs,"26,500,000",2006,Jul 2006. The Veterans Affairs Department agreed to pay $20 million to settle a class action lawsuit over the loss of a laptop. The department originally took three weeks to report the theft. The laptop was recovered with the data apparently intact a month after it was reported stolen. But it is impossible to say with absolute certainty that the data was not accessed and copied.  ,"government, military",lost device ,2
Automatic Data Processing,"125,000",2006,"Jul 2006. Automatic Data Processing, one of the world's largest payroll service companies, confirmed that it was swindled by a data thief looking for information on hundreds of thousands of American investors.",financial,poor security,2
KDDI,"4,000,000",2006,"Jun 2006. Press report: ""Tokyo police have arrested two men for trying to extort nearly US$90,000 from KDDI Corp. The pair allegedly threatened to disclose the existence of storage media containing personal data belonging to four million KDDI customers prior to a shareholder meeting; however, KDDI alerted the police as soon as they were contacted by the blackmailers; the police monitored communications between KDDI and the pair for several weeks. """,telecoms,hacked,1
Hewlett Packard,"200,000",2006,"Mar 2006. Laptop lost/stolen containing employee data: names, addresses, Social Security numbers, dates of birth and other employment-related information.","tech, retail",lost device ,2
Ameritrade Inc.,"200,000",2005,Apr 2005. Computer backup tape containing personal information was lost. ,financial,lost device ,2
Citigroup,"3,900,000",2005,Jun 2005. Blame the messenger! A box of computer tapes containing information on 3.9 million customers was lost by United Parcel Service (UPS) while in transit to a credit reporting agency.,financial,lost device ,3
Cardsystems Solutions Inc. ,"40,000,000",2005,"Jun 2005. CardSystems was fingered by MasterCard after it spotted fraud on credit card accounts and found a common thread, tracing it back to CardSystems.  An unauthorized entity put a specific code into CardSystems' network, enabling the person or group to gain access to the data. It's not clear how many of the 40 million accounts were actually stolen. ",financial,hacked,3
AOL,"92,000,000",2004,Jun 2004. A former America Online software engineer stole 92 million screen names and e-mail addresses and sold them to spammers who sent out up to 7 billion unsolicited e-mails.,web,inside job,1